{
  "mimic_test": {
    "auc": 0.5105708819387641,
    "average_precision": 0.20015933088371335,
    "brier_score": 0.16002013446071545
  },
  "eicu_test_raw": {
    "auc": 0.49925962968924176,
    "average_precision": 0.20196148391317068,
    "brier_score": 0.16202624846457822
  },
  "eicu_test_translated": {
    "auc": 0.5040170555124696,
    "average_precision": 0.20216139908275502,
    "brier_score": 0.16641149397954302
  },
  "improvement": {
    "auc_improvement": 0.004757425823227801,
    "ap_improvement": 0.00019991516958434152,
    "brier_improvement": -0.004385245514964803
  }
}