{
  "mimic_test": {
    "auc": 0.5197268977027601,
    "average_precision": 0.20631990543641882,
    "brier_score": 0.156033291130441
  },
  "eicu_test_raw": {
    "auc": 0.5213991769547325,
    "average_precision": 0.3016074583285884,
    "brier_score": 0.1808918377825777
  },
  "eicu_test_translated": {
    "auc": 0.4037037037037038,
    "average_precision": 0.19469840329950266,
    "brier_score": 0.18266279428307297
  },
  "improvement": {
    "auc_improvement": -0.11769547325102869,
    "ap_improvement": -0.10690905502908571,
    "brier_improvement": -0.0017709565004952743
  }
}