{
  "mimic_test": {
    "auc": 0.5197268977027601,
    "average_precision": 0.20631990543641882,
    "brier_score": 0.156033291130441
  },
  "eicu_test_raw": {
    "auc": 0.5213991769547325,
    "average_precision": 0.3016074583285884,
    "brier_score": 0.1808918377825777
  },
  "eicu_test_translated": {
    "auc": 0.5275720164609053,
    "average_precision": 0.27955409204815274,
    "brier_score": 0.17743141966961715
  },
  "improvement": {
    "auc_improvement": 0.006172839506172867,
    "ap_improvement": -0.022053366280435638,
    "brier_improvement": 0.0034604181129605505
  }
}