{
  "mimic_test": {
    "auc": 0.5083787695823119,
    "average_precision": 0.2149861443928563,
    "brier_score": 0.1715229106820073
  },
  "eicu_test_raw": {
    "auc": 0.490530303030303,
    "average_precision": 0.17945116342532536,
    "brier_score": 0.1421783083059316
  },
  "eicu_test_translated": {
    "auc": 0.5726010101010102,
    "average_precision": 0.19503571142508905,
    "brier_score": 0.12963199088982907
  },
  "improvement": {
    "auc_improvement": 0.08207070707070718,
    "ap_improvement": 0.015584547999763693,
    "brier_improvement": 0.012546317416102515
  }
}