{
  "mimic_test": {
    "auc": 0.5197268977027601,
    "average_precision": 0.20631990543641882,
    "brier_score": 0.156033291130441
  },
  "eicu_test_raw": {
    "auc": 0.5213991769547325,
    "average_precision": 0.3016074583285884,
    "brier_score": 0.1808918377825777
  },
  "eicu_test_translated": {
    "auc": 0.5950617283950618,
    "average_precision": 0.34014054282382955,
    "brier_score": 0.17389638321511564
  },
  "improvement": {
    "auc_improvement": 0.0736625514403293,
    "ap_improvement": 0.03853308449524118,
    "brier_improvement": 0.006995454567462062
  }
}