{
  "mimic_test": {
    "auc": 0.49763004728013915,
    "average_precision": 0.19767174950760685,
    "brier_score": 0.16012161060219507
  },
  "eicu_test_raw": {
    "auc": 0.4996741104852987,
    "average_precision": 0.20131058066469634,
    "brier_score": 0.16190786128095958
  },
  "eicu_test_translated": {
    "auc": 0.5021108826187727,
    "average_precision": 0.20212086369280324,
    "brier_score": 0.16079974100946326
  },
  "improvement": {
    "auc_improvement": 0.0024367721334739856,
    "ap_improvement": 0.0008102830281069007,
    "brier_improvement": 0.0011081202714963156
  }
}