{
  "mimic_test": {
    "auc": 0.5197268977027601,
    "average_precision": 0.20631990543641882,
    "brier_score": 0.156033291130441
  },
  "eicu_test_raw": {
    "auc": 0.5213991769547325,
    "average_precision": 0.3016074583285884,
    "brier_score": 0.1808918377825777
  },
  "eicu_test_translated": {
    "auc": 0.5388888888888889,
    "average_precision": 0.2555057662514843,
    "brier_score": 0.1773670980546591
  },
  "improvement": {
    "auc_improvement": 0.017489711934156382,
    "ap_improvement": -0.04610169207710407,
    "brier_improvement": 0.0035247397279185855
  }
}