{
  "round_trip": {
    "eicu_mean_mse": 0.1538114845752716,
    "eicu_mean_mae": 0.24768683314323425,
    "mimic_mean_mse": 0.10331527888774872,
    "mimic_mean_mae": 0.20827744901180267,
    "overall_mean_mse": 0.12856337428092957,
    "overall_mean_mae": 0.22798213362693787
  },
  "distributional": {
    "mmd_eicu_to_mimic": 0.010654568672180176,
    "mmd_mimic_to_eicu": 0.024721741676330566,
    "mean_ks_statistic": 0.2082748603971734,
    "significant_features_pct": 100.0
  },
  "downstream": {
    "mimic_test": {
      "auc": 0.49973077560564094,
      "average_precision": 0.19913182961352965,
      "brier_score": 0.1599839768601834
    },
    "eicu_test_raw": {
      "auc": 0.49172834630626255,
      "average_precision": 0.19529559030629123,
      "brier_score": 0.16203934255070826
    },
    "eicu_test_translated": {
      "auc": 0.48959828101614034,
      "average_precision": 0.19433879497522671,
      "brier_score": 0.1609464040587434
    },
    "improvement": {
      "auc_improvement": -0.0021300652901222183,
      "ap_improvement": -0.0009567953310645194,
      "brier_improvement": 0.0010929384919648732
    }
  },
  "evaluation_timestamp": "2025-10-06T15:20:32.584727"
}