{
  "round_trip": {
    "eicu_mean_mse": 619.5995483398438,
    "eicu_mean_mae": 2.413503646850586,
    "mimic_mean_mse": 98.18417358398438,
    "mimic_mean_mae": 1.8993380069732666,
    "overall_mean_mse": 358.891845703125,
    "overall_mean_mae": 2.1564207077026367
  },
  "distributional": {
    "mmd_eicu_to_mimic": 0.7071331739425659,
    "mmd_mimic_to_eicu": 0.6898986101150513,
    "mean_ks_statistic": 0.608560840802337,
    "significant_features_pct": 100.0
  },
  "downstream": {
    "mimic_test": {
      "auc": 0.5197268977027601,
      "average_precision": 0.20631990543641882,
      "brier_score": 0.156033291130441
    },
    "eicu_test_raw": {
      "auc": 0.5213991769547325,
      "average_precision": 0.3016074583285884,
      "brier_score": 0.1808918377825777
    },
    "eicu_test_translated": {
      "auc": 0.4037037037037038,
      "average_precision": 0.19469840329950266,
      "brier_score": 0.18266279428307297
    },
    "improvement": {
      "auc_improvement": -0.11769547325102869,
      "ap_improvement": -0.10690905502908571,
      "brier_improvement": -0.0017709565004952743
    }
  },
  "evaluation_timestamp": "2025-09-27T23:19:33.741796"
}