{
  "round_trip": {
    "eicu_mean_mse": 18.421932220458984,
    "eicu_mean_mae": 0.7440217733383179,
    "mimic_mean_mse": 1.980263113975525,
    "mimic_mean_mae": 0.4738938510417938,
    "overall_mean_mse": 10.20109748840332,
    "overall_mean_mae": 0.608957827091217
  },
  "distributional": {
    "mmd_eicu_to_mimic": 0.22477447986602783,
    "mmd_mimic_to_eicu": 0.3001333475112915,
    "mean_ks_statistic": 0.5425991014831988,
    "significant_features_pct": 100.0
  },
  "downstream": {
    "mimic_test": {
      "auc": 0.5083787695823119,
      "average_precision": 0.2149861443928563,
      "brier_score": 0.1715229106820073
    },
    "eicu_test_raw": {
      "auc": 0.490530303030303,
      "average_precision": 0.17945116342532536,
      "brier_score": 0.1421783083059316
    },
    "eicu_test_translated": {
      "auc": 0.5726010101010102,
      "average_precision": 0.19503571142508905,
      "brier_score": 0.12963199088982907
    },
    "improvement": {
      "auc_improvement": 0.08207070707070718,
      "ap_improvement": 0.015584547999763693,
      "brier_improvement": 0.012546317416102515
    }
  },
  "evaluation_timestamp": "2025-09-28T16:50:29.727774"
}