{
  "round_trip": {
    "eicu_mean_mse": 517.7047729492188,
    "eicu_mean_mae": 0.9659522175788879,
    "mimic_mean_mse": 0.9577839374542236,
    "mimic_mean_mae": 0.4612961709499359,
    "overall_mean_mse": 259.3312683105469,
    "overall_mean_mae": 0.7136241793632507
  },
  "distributional": {
    "mmd_eicu_to_mimic": 0.008793473243713379,
    "mmd_mimic_to_eicu": 0.006817460060119629,
    "mean_ks_statistic": 0.597195199627606,
    "significant_features_pct": 97.05882352941177
  },
  "downstream": {
    "mimic_test": {
      "auc": 0.5197268977027601,
      "average_precision": 0.20631990543641882,
      "brier_score": 0.156033291130441
    },
    "eicu_test_raw": {
      "auc": 0.5213991769547325,
      "average_precision": 0.3016074583285884,
      "brier_score": 0.1808918377825777
    },
    "eicu_test_translated": {
      "auc": 0.5341563786008231,
      "average_precision": 0.24696628794816566,
      "brier_score": 0.17884773932641715
    },
    "improvement": {
      "auc_improvement": 0.012757201646090621,
      "ap_improvement": -0.05464117038042271,
      "brier_improvement": 0.002044098456160548
    }
  },
  "evaluation_timestamp": "2025-09-06T21:38:37.646640"
}