{
  "round_trip": {
    "eicu_mean_mse": 619.6618041992188,
    "eicu_mean_mae": 2.40336275100708,
    "mimic_mean_mse": 98.3491439819336,
    "mimic_mean_mae": 1.885011911392212,
    "overall_mean_mse": 359.0054626464844,
    "overall_mean_mae": 2.1441874504089355
  },
  "distributional": {
    "mmd_eicu_to_mimic": 0.7085175514221191,
    "mmd_mimic_to_eicu": 0.6914194822311401,
    "mean_ks_statistic": 0.6393968308398,
    "significant_features_pct": 100.0
  },
  "downstream": {
    "mimic_test": {
      "auc": 0.5197268977027601,
      "average_precision": 0.20631990543641882,
      "brier_score": 0.156033291130441
    },
    "eicu_test_raw": {
      "auc": 0.5213991769547325,
      "average_precision": 0.3016074583285884,
      "brier_score": 0.1808918377825777
    },
    "eicu_test_translated": {
      "auc": 0.5388888888888889,
      "average_precision": 0.2555057662514843,
      "brier_score": 0.1773670980546591
    },
    "improvement": {
      "auc_improvement": 0.017489711934156382,
      "ap_improvement": -0.04610169207710407,
      "brier_improvement": 0.0035247397279185855
    }
  },
  "evaluation_timestamp": "2025-09-24T15:16:12.586187"
}