{
  "round_trip": {
    "eicu_mean_mse": 523.0071411132812,
    "eicu_mean_mae": 1.2138733863830566,
    "mimic_mean_mse": 4.5035529136657715,
    "mimic_mean_mae": 0.7199118733406067,
    "overall_mean_mse": 263.7553405761719,
    "overall_mean_mae": 0.9668926000595093
  },
  "distributional": {
    "mmd_eicu_to_mimic": 0.41269195079803467,
    "mmd_mimic_to_eicu": 0.3928114175796509,
    "mean_ks_statistic": 0.5099969105202171,
    "significant_features_pct": 100.0
  },
  "downstream": {
    "mimic_test": {
      "auc": 0.5197268977027601,
      "average_precision": 0.20631990543641882,
      "brier_score": 0.156033291130441
    },
    "eicu_test_raw": {
      "auc": 0.5213991769547325,
      "average_precision": 0.3016074583285884,
      "brier_score": 0.1808918377825777
    },
    "eicu_test_translated": {
      "auc": 0.5950617283950618,
      "average_precision": 0.34014054282382955,
      "brier_score": 0.17389638321511564
    },
    "improvement": {
      "auc_improvement": 0.0736625514403293,
      "ap_improvement": 0.03853308449524118,
      "brier_improvement": 0.006995454567462062
    }
  },
  "evaluation_timestamp": "2025-09-11T17:45:30.141972"
}