{
  "mmd_eicu_to_mimic": 0.41269195079803467,
  "mmd_mimic_to_eicu": 0.3928114175796509,
  "mean_ks_statistic": 0.5099969105202171,
  "significant_features_pct": 100.0
}