{
  "mmd_eicu_to_mimic": 0.010654568672180176,
  "mmd_mimic_to_eicu": 0.024721741676330566,
  "mean_ks_statistic": 0.2082748603971734,
  "significant_features_pct": 100.0
}