{
  "eicu_patients": [
    {
      "patient_id": "eicu_6196",
      "original": [
        -0.06284091621637344,
        1.9068560600280762,
        0.38034090399742126,
        1.6353766918182373,
        -0.16027802228927612,
        0.30112412571907043,
        0.021399078890681267,
        -1.0494292974472046,
        -0.15988551080226898,
        0.35251864790916443,
        0.00703402841463685,
        -1.3127456903457642,
        0.08695652335882187,
        0.08695652335882187,
        0.08695652335882187,
        0.0,
        -0.6000000238418579,
        -0.6000000238418579,
        -0.6000000238418579,
        0.0,
        1.9285714626312256,
        1.9285714626312256,
        1.9285714626312256,
        0.0,
        0.5454545617103577,
        1.0,
        0.0,
        0.0,
        0.0,
        0.0,
        0.0,
        0.0
      ],
      "translated": [
        -0.4589993953704834,
        1.6935867071151733,
        0.3948329985141754,
        1.2895280122756958,
        -0.6245553493499756,
        0.7043936252593994,
        -0.07772506028413773,
        -0.44899269938468933,
        -0.16497136652469635,
        0.4333312511444092,
        0.17427824437618256,
        -1.0499391555786133,
        0.006049562245607376,
        0.15487295389175415,
        0.07148898392915726,
        -0.0820571556687355,
        -0.6665246486663818,
        -0.48563629388809204,
        -0.5782960057258606,
        -0.19325807690620422,
        1.7369074821472168,
        1.932487964630127,
        1.8243316411972046,
        -0.2390110194683075,
        0.18581289052963257,
        0.8311817646026611,
        4.361423634691164e-06,
        4.176901256869314e-06,
        3.867843588523101e-06,
        4.342092779552331e-06,
        4.252845428709406e-06,
        4.101667855138658e-06
      ],
      "feature_names": [
        "HR_min",
        "HR_max",
        "HR_mean",
        "HR_std",
        "RR_min",
        "RR_max",
        "RR_mean",
        "RR_std",
        "SpO2_min",
        "SpO2_max",
        "SpO2_mean",
        "SpO2_std",
        "WBC_min",
        "WBC_max",
        "WBC_mean",
        "WBC_std",
        "Na_min",
        "Na_max",
        "Na_mean",
        "Na_std",
        "Creat_min",
        "Creat_max",
        "Creat_mean",
        "Creat_std",
        "Age",
        "Gender",
        "HR_missing",
        "RR_missing",
        "SpO2_missing",
        "WBC_missing",
        "Na_missing",
        "Creat_missing"
      ]
    },
    {
      "patient_id": "eicu_10733",
      "original": [
        -0.5779924392700195,
        0.14928029477596283,
        -0.18394745886325836,
        -0.298515647649765,
        -0.7754809260368347,
        0.2242237776517868,
        -0.49413812160491943,
        -0.2931377589702606,
        -0.28798654675483704,
        0.35251864790916443,
        0.10658250749111176,
        -0.7395309805870056,
        1.3043478727340698,
        1.3043478727340698,
        1.3043478727340698,
        0.0,
        0.6000000238418579,
        0.6000000238418579,
        0.6000000238418579,
        0.0,
        0.511904776096344,
        0.511904776096344,
        0.511904776096344,
        0.0,
        -0.09090909361839294,
        0.0,
        0.0,
        0.0,
        0.0,
        0.0,
        0.0,
        0.0
      ],
      "translated": [
        -0.5263678431510925,
        0.2918104827404022,
        -0.15988220274448395,
        -0.2610604166984558,
        -0.42490124702453613,
        0.4543581008911133,
        -0.05232108384370804,
        -0.8618093132972717,
        -0.403542160987854,
        0.43019822239875793,
        0.0021482203155755997,
        -0.4129638373851776,
        0.9453213810920715,
        1.3965238332748413,
        1.1621476411819458,
        0.2751932740211487,
        0.3850388824939728,
        0.6339055299758911,
        0.5042758584022522,
        -0.07025064527988434,
        0.5218707323074341,
        0.581423819065094,
        0.5433934926986694,
        -0.17932868003845215,
        0.39984047412872314,
        0.8169884085655212,
        1.9809984223684296e-05,
        2.0898702132399194e-05,
        1.8748029106063768e-05,
        2.07180819415953e-05,
        1.9839932065224275e-05,
        2.0440385924302973e-05
      ],
      "feature_names": [
        "HR_min",
        "HR_max",
        "HR_mean",
        "HR_std",
        "RR_min",
        "RR_max",
        "RR_mean",
        "RR_std",
        "SpO2_min",
        "SpO2_max",
        "SpO2_mean",
        "SpO2_std",
        "WBC_min",
        "WBC_max",
        "WBC_mean",
        "WBC_std",
        "Na_min",
        "Na_max",
        "Na_mean",
        "Na_std",
        "Creat_min",
        "Creat_max",
        "Creat_mean",
        "Creat_std",
        "Age",
        "Gender",
        "HR_missing",
        "RR_missing",
        "SpO2_missing",
        "WBC_missing",
        "Na_missing",
        "Creat_missing"
      ]
    },
    {
      "patient_id": "eicu_1876",
      "original": [
        -0.5173863768577576,
        0.6644318103790283,
        -0.11310546845197678,
        -0.04688390716910362,
        -1.0061819553375244,
        2.3005335330963135,
        0.12886732816696167,
        0.7918722033500671,
        -1.1846938133239746,
        0.35251864790916443,
        -0.563935399055481,
        -0.2648215889930725,
        -0.4057970941066742,
        -0.4057970941066742,
        -0.4057970941066742,
        0.0,
        -1.7999999523162842,
        -1.7999999523162842,
        -1.7999999523162842,
        0.0,
        -0.3095238208770752,
        -0.3095238208770752,
        -0.3095238208770752,
        0.0,
        -0.7272727489471436,
        1.0,
        0.0,
        0.0,
        0.0,
        0.0,
        0.0,
        0.0
      ],
      "translated": [
        -0.23717528581619263,
        0.6164846420288086,
        0.1309775561094284,
        -0.28223085403442383,
        -0.4570476710796356,
        1.8894197940826416,
        0.3760254979133606,
        1.19858980178833,
        -1.008439540863037,
        0.4085412919521332,
        -0.14183466136455536,
        0.24162927269935608,
        -0.42573627829551697,
        -0.37369680404663086,
        -0.39746466279029846,
        -0.19757457077503204,
        -1.884150505065918,
        -1.4700801372528076,
        -1.677088737487793,
        0.10156435519456863,
        -0.33776506781578064,
        -0.3106573224067688,
        -0.32747596502304077,
        -0.2803567349910736,
        0.0010197367519140244,
        0.4134245812892914,
        6.9783959588676225e-06,
        6.9635443651350215e-06,
        6.924968602106674e-06,
        7.413478215312352e-06,
        7.05747743268148e-06,
        6.47613615001319e-06
      ],
      "feature_names": [
        "HR_min",
        "HR_max",
        "HR_mean",
        "HR_std",
        "RR_min",
        "RR_max",
        "RR_mean",
        "RR_std",
        "SpO2_min",
        "SpO2_max",
        "SpO2_mean",
        "SpO2_std",
        "WBC_min",
        "WBC_max",
        "WBC_mean",
        "WBC_std",
        "Na_min",
        "Na_max",
        "Na_mean",
        "Na_std",
        "Creat_min",
        "Creat_max",
        "Creat_mean",
        "Creat_std",
        "Age",
        "Gender",
        "HR_missing",
        "RR_missing",
        "SpO2_missing",
        "WBC_missing",
        "Na_missing",
        "Creat_missing"
      ]
    }
  ],
  "mimic_patients": [
    {
      "patient_id": "mimic_8110",