{
  "eicu_patients": [
    {
      "patient_id": "eicu_3001",
      "original": [
        -0.3038930296897888,
        0.8173190951347351,
        0.17648975551128387,
        0.46638086438179016,
        -0.5420456528663635,
        1.2145780324935913,
        0.05099908635020256,
        0.5303462147712708,
        -0.03246935456991196,
        0.3530462384223938,
        0.19993366301059723,
        -1.0802867412567139,
        -0.014492753893136978,
        0.07246376574039459,
        0.028985507786273956,
        0.7888390421867371,
        0.0,
        0.4000000059604645,
        0.20000000298023224,
        1.0,
        -0.3571428656578064,
        -0.2738095223903656,
        -0.3154761791229248,
        0.7830486297607422,
        0.3181818127632141,
        1.0,
        0.0,
        0.0,
        0.0,
        0.0,
        0.0,
        0.0
      ],
      "translated": [
        -0.34873199462890625,
        0.8310568928718567,
        0.21176061034202576,
        0.45868420600891113,
        -0.5597914457321167,
        1.2465031147003174,
        0.03206349164247513,
        0.5486912727355957,
        -0.06604589521884918,
        0.3535066545009613,
        0.20296725630760193,
        -1.0708755254745483,
        0.008506879210472107,
        0.05484595149755478,
        0.04705975949764252,
        0.871105432510376,
        -0.02765943855047226,
        0.41823452711105347,
        0.19970843195915222,
        1.0886722803115845,
        -0.4090115427970886,
        -0.30034586787223816,
        -0.41834181547164917,
        0.6971418857574463,
        -0.18403461575508118,
        1.270812749862671,
        0.4317387342453003,
        0.4580090045928955,
        0.44841575622558594,
        0.492053747177124,
        0.614806056022644,
        0.6752697825431824
      ],
      "feature_names": [
        "HR_min",
        "HR_max",
        "HR_mean",
        "HR_std",
        "RR_min",
        "RR_max",
        "RR_mean",
        "RR_std",
        "SpO2_min",
        "SpO2_max",
        "SpO2_mean",
        "SpO2_std",
        "WBC_min",
        "WBC_max",
        "WBC_mean",
        "WBC_std",
        "Na_min",
        "Na_max",
        "Na_mean",
        "Na_std",
        "Creat_min",
        "Creat_max",
        "Creat_mean",
        "Creat_std",
        "Age",
        "Gender",
        "HR_missing",
        "RR_missing",
        "SpO2_missing",
        "WBC_missing",
        "Na_missing",
        "Creat_missing"
      ]
    },
    {
      "patient_id": "eicu_16811",
      "original": [
        -0.7887415289878845,
        0.21125848591327667,
        -0.3278164565563202,
        -0.18440201878547668,
        -0.8475454449653625,
        0.22170378267765045,
        -0.4168979525566101,
        -0.49925854802131653,
        -3.8876254558563232,
        0.3530462384223938,
        0.08154980838298798,
        1.6741331815719604,
        -0.28985506296157837,
        0.14492753148078918,
        -0.07246376574039459,
        2.5389156341552734,
        -0.4000000059604645,
        0.0,
        -0.20000000298023224,
        1.0,
        0.9523809552192688,
        1.0,
        0.976190447807312,
        0.4520775377750397,
        -0.09090909361839294,
        1.0,
        0.0,
        0.0,
        0.0,
        0.0,
        0.0,
        0.0
      ],
      "translated": [
        -0.8422939777374268,
        0.23189248144626617,
        -0.2907508909702301,
        -0.1351260095834732,
        -0.8850457668304443,
        0.2836546301841736,
        -0.41238129138946533,
        -0.541803777217865,
        -3.906196117401123,
        0.35328981280326843,
        0.09436754882335663,
        1.71840238571167,
        -0.3204878568649292,
        0.08317741751670837,
        -0.10738137364387512,
        2.5703489780426025,
        -0.3571866452693939,
        0.09116710722446442,
        -0.2807926535606384,
        1.07350754737854,
        0.8715161681175232,
        1.0807886123657227,
        0.9687354564666748,
        0.39966970682144165,
        -0.37413862347602844,
        1.2279515266418457,
        0.3947575092315674,
        0.46823209524154663,
        0.39417096972465515,
        0.45141857862472534,
        0.5904012322425842,
        0.6593258380889893
      ],
      "feature_names": [
        "HR_min",
        "HR_max",
        "HR_mean",
        "HR_std",
        "RR_min",
        "RR_max",
        "RR_mean",
        "RR_std",
        "SpO2_min",
        "SpO2_max",
        "SpO2_mean",
        "SpO2_std",
        "WBC_min",
        "WBC_max",
        "WBC_mean",
        "WBC_std",
        "Na_min",
        "Na_max",
        "Na_mean",
        "Na_std",
        "Creat_min",
        "Creat_max",
        "Creat_mean",
        "Creat_std",
        "Age",
        "Gender",
        "HR_missing",
        "RR_missing",
        "SpO2_missing",
        "WBC_missing",
        "Na_missing",
        "Creat_missing"
      ]
    },
    {
      "patient_id": "eicu_5630",
      "original": [
        0.8779251575469971,
        1.8173191547393799,
        1.4818886518478394,
        -0.037094566971063614,
        -0.2365458905696869,
        0.8327033519744873,
        0.28856489062309265,
        -0.5869089365005493,
        -1.9600473642349243,
        0.3530462384223938,
        -0.18676452338695526,
        1.2974847555160522,
        0.3333333432674408,
        0.3333333432674408,
        0.3333333432674408,
        0.0,
        -0.800000011920929,
        -0.800000011920929,
        -0.800000011920929,
        0.0,
        0.0,
        0.0,
        0.0,
        0.0,
        -0.4545454680919647,
        0.0,
        0.0,
        0.0,
        0.0,
        0.0,
        0.0,
        0.0
      ],
      "translated": [
        0.9284674525260925,
        1.8794865608215332,
        1.4304213523864746,
        -0.1033599004149437,
        -0.2800080180168152,
        0.9006336331367493,
        0.2654545307159424,
        -0.5222570300102234,
        -2.047661542892456,
        0.35324567556381226,
        -0.20661087334156036,
        1.2309154272079468,
        0.35454726219177246,
        0.40188834071159363,
        0.36098286509513855,
        -0.019418098032474518,
        -0.8666428327560425,
        -0.911051332950592,
        -0.7119356393814087,
        -0.03892647475004196,
        0.18036463856697083,
        -0.115017369389534,
        -0.1063365787267685,
        0.12834888696670532,
        -0.12322887778282166,
        0.4263942539691925,
        0.4301828145980835,
        0.4928511381149292,
        0.43187060952186584,
        0.4710920453071594,
        0.575415313243866,
        0.6495682597160339
      ],
      "feature_names": [
        "HR_min",
        "HR_max",
        "HR_mean",
        "HR_std",
        "RR_min",
        "RR_max",
        "RR_mean",
        "RR_std",
        "SpO2_min",
        "SpO2_max",
        "SpO2_mean",
        "SpO2_std",
        "WBC_min",
        "WBC_max",
        "WBC_mean",
        "WBC_std",
        "Na_min",
        "Na_max",
        "Na_mean",
        "Na_std",
        "Creat_min",
        "Creat_max",
        "Creat_mean",
        "Creat_std",
        "Age",
        "Gender",
        "HR_missing",
        "RR_missing",
        "SpO2_missing",
        "WBC_missing",
        "Na_missing",
        "Creat_missing"
      ]
    }
  ],
  "mimic_patients": [
    {
      "patient_id": "mimic_3669",