{
  "eicu_patients": [
    {
      "patient_id": "eicu_10410",
      "original": [
        0.14928029477596283,
        0.9977651238441467,
        0.37700435519218445,
        -0.297645628452301,
        -0.4678794741630554,
        3.146437406539917,
        0.6177726984024048,
        2.130420446395874,
        -1.0565928220748901,
        0.35251864790916443,
        0.22986871004104614,
        -0.030273566022515297,
        0.8797101378440857,
        0.9028985500335693,
        0.8913043737411499,
        0.23907330632209778,
        1.2000000476837158,
        1.2000000476837158,
        1.2000000476837158,
        0.0,
        -0.3571428656578064,
        -0.3571428656578064,
        -0.3571428656578064,
        0.0,
        0.04545454680919647,
        0.0,
        0.0,
        0.0,
        0.0,
        0.0,
        0.0,
        0.0
      ],
      "translated": [
        0.15199604630470276,
        1.013863205909729,
        0.38534244894981384,
        -0.29118743538856506,
        -0.47179803252220154,
        3.164731740951538,
        0.6198830008506775,
        2.135725259780884,
        -1.0660210847854614,
        0.3549025356769562,
        0.23068365454673767,
        -0.04137725010514259,
        0.8714596629142761,
        0.8912880420684814,
        0.8851462602615356,
        0.23215287923812866,
        1.1978466510772705,
        1.208394169807434,
        1.206194281578064,
        -0.004660590086132288,
        -0.366292268037796,
        -0.338113933801651,
        -0.3373265266418457,
        -0.008587919175624847,
        0.14921227097511292,
        0.422021746635437,
        0.6231359243392944,
        0.3403729200363159,
        0.6684784889221191,
        0.33929142355918884,
        0.6444277167320251,
        0.6169351935386658
      ],
      "feature_names": [
        "HR_min",
        "HR_max",
        "HR_mean",
        "HR_std",
        "RR_min",
        "RR_max",
        "RR_mean",
        "RR_std",
        "SpO2_min",
        "SpO2_max",
        "SpO2_mean",
        "SpO2_std",
        "WBC_min",
        "WBC_max",
        "WBC_mean",
        "WBC_std",
        "Na_min",
        "Na_max",
        "Na_mean",
        "Na_std",
        "Creat_min",
        "Creat_max",
        "Creat_mean",
        "Creat_std",
        "Age",
        "Gender",
        "HR_missing",
        "RR_missing",
        "SpO2_missing",
        "WBC_missing",
        "Na_missing",
        "Creat_missing"
      ]
    },
    {
      "patient_id": "eicu_883",
      "original": [
        -0.4870833456516266,
        1.3007954359054565,
        0.35900601744651794,
        0.9656270146369934,
        -0.31407874822616577,
        2.223633050918579,
        0.30190882086753845,
        1.368056058883667,
        -1.9532999992370605,
        0.35251864790916443,
        -0.34905797243118286,
        0.5222741961479187,
        -1.0289855003356934,
        -0.8260869383811951,
        -0.8985507488250732,
        1.287438154220581,
        0.20000000298023224,
        0.20000000298023224,
        0.20000000298023224,
        0.0,
        -0.3214285671710968,
        -0.3214285671710968,
        -0.3214285671710968,
        0.0,
        -0.6818181872367859,
        1.0,
        0.0,
        0.0,
        0.0,
        0.0,
        0.0,
        0.0
      ],
      "translated": [
        -0.49606820940971375,
        1.3239457607269287,
        0.36879655718803406,
        0.9613375663757324,
        -0.3127552270889282,
        2.2457010746002197,
        0.30234330892562866,
        1.3613399267196655,
        -1.9762732982635498,
        0.35458052158355713,
        -0.3500306308269501,
        0.5273443460464478,
        -1.0460816621780396,
        -0.8480591773986816,
        -0.9154752492904663,
        1.2828798294067383,
        0.17579442262649536,
        0.1885928064584732,
        0.19054186344146729,
        -0.006808968260884285,
        -0.33351802825927734,
        -0.32077541947364807,
        -0.319265753030777,
        -0.008620209991931915,
        -0.4100983142852783,
        1.2212363481521606,
        0.6253618597984314,
        0.34089839458465576,
        0.6694129109382629,
        0.342820942401886,
        0.6464660167694092,
        0.6189818382263184
      ],
      "feature_names": [
        "HR_min",
        "HR_max",
        "HR_mean",
        "HR_std",
        "RR_min",
        "RR_max",
        "RR_mean",
        "RR_std",
        "SpO2_min",
        "SpO2_max",
        "SpO2_mean",
        "SpO2_std",
        "WBC_min",
        "WBC_max",
        "WBC_mean",
        "WBC_std",
        "Na_min",
        "Na_max",
        "Na_mean",
        "Na_std",
        "Creat_min",
        "Creat_max",
        "Creat_mean",
        "Creat_std",
        "Age",
        "Gender",
        "HR_missing",
        "RR_missing",
        "SpO2_missing",
        "WBC_missing",
        "Na_missing",
        "Creat_missing"
      ]
    },
    {
      "patient_id": "eicu_6664",
      "original": [
        -0.790113627910614,
        -0.1537500023841858,
        -0.5361806154251099,
        -0.6328847408294678,
        -0.6216802000999451,
        0.07042305916547775,
        -0.45716163516044617,
        -0.7332950830459595,
        -3.1062092781066895,
        0.35251864790916443,
        0.16862447559833527,
        0.7571475505828857,
        -0.4492753744125366,
        -0.4492753744125366,
        -0.4492753744125366,
        0.0,
        0.20000000298023224,
        0.20000000298023224,
        0.20000000298023224,
        0.0,
        -0.1071428582072258,
        -0.1071428582072258,
        -0.1071428582072258,
        0.0,
        -0.40909090638160706,
        0.0,
        0.0,
        0.0,
        0.0,
        0.0,
        0.0,
        0.0
      ],
      "translated": [
        -0.7912439107894897,
        -0.13913971185684204,
        -0.5288956761360168,
        -0.6295543313026428,
        -0.6253108382225037,
        0.08739358186721802,
        -0.45509687066078186,
        -0.7269853949546814,
        -3.1175620555877686,
        0.3550325930118561,
        0.1687568873167038,
        0.7525519132614136,
        -0.4589965343475342,
        -0.46218788623809814,
        -0.45780453085899353,
        -0.005533553659915924,
        0.19433175027370453,
        0.20567497611045837,
        0.20259851217269897,
        -0.0041025783866643906,
        -0.11407031118869781,
        -0.09283754229545593,
        -0.09196318686008453,
        -0.006668321788311005,
        -0.20666302740573883,
        0.4208835959434509,
        0.6230443716049194,
        0.34365415573120117,
        0.6692354083061218,
        0.3419075608253479,
        0.6453219056129456,
        0.6176162958145142
      ],
      "feature_names": [
        "HR_min",
        "HR_max",
        "HR_mean",
        "HR_std",
        "RR_min",
        "RR_max",
        "RR_mean",
        "RR_std",
        "SpO2_min",
        "SpO2_max",
        "SpO2_mean",
        "SpO2_std",
        "WBC_min",
        "WBC_max",
        "WBC_mean",
        "WBC_std",
        "Na_min",
        "Na_max",
        "Na_mean",
        "Na_std",
        "Creat_min",
        "Creat_max",
        "Creat_mean",
        "Creat_std",
        "Age",
        "Gender",
        "HR_missing",
        "RR_missing",
        "SpO2_missing",
        "WBC_missing",
        "Na_missing",
        "Creat_missing"
      ]
    }
  ],
  "mimic_patients": [
    {
      "patient_id": "mimic_6760",